0.500000,0.000000,0.000000,0.000000,0.500000,0.000000
0.516362,-0.005875,-0.075101,-0.005917,0.550774,-0.000765
0.513420,-0.009507,-0.019793,-0.008895,0.602218,-0.001856
0.519791,-0.003454,0.015219,-0.008301,0.653716,-0.002461
0.508007,0.001890,-0.002742,-0.008359,0.704907,-0.003296
0.501948,0.000100,-0.003723,-0.008527,0.755036,-0.003702
0.514290,0.007802,0.004595,-0.008720,0.805918,-0.004047
0.516727,0.000788,-0.006629,-0.009150,0.857459,-0.004334
0.522358,0.003393,0.012892,-0.008757,0.909612,-0.004401
0.539009,-0.002597,0.009459,-0.008037,0.963031,-0.004879
0.533078,0.002841,0.015355,-0.006644,1.015948,-0.005015
0.527388,0.000643,0.008946,-0.006149,1.068764,-0.005315
0.509944,-0.001980,0.003589,-0.005465,1.121119,-0.005687
0.513567,-0.002039,0.008220,-0.004693,1.172645,-0.006119
0.516358,0.005494,0.006306,-0.004050,1.224102,-0.006501
0.513840,0.003170,-0.000166,-0.004124,1.275222,-0.006536
0.524248,-0.002323,-0.004416,-0.003986,1.327168,-0.006563
0.525267,-0.002908,0.010043,-0.003231,1.379726,-0.006717
0.531404,0.000926,0.009956,-0.002080,1.432816,-0.006997
0.546549,-0.001703,0.003146,-0.001443,1.486924,-0.007193
0.577621,-0.001521,0.013683,-0.000038,1.543776,-0.007786
0.579705,0.010471,0.018905,0.002024,1.601952,-0.007463
0.577182,-0.006816,-0.026481,0.000721,1.659859,-0.007770
0.586348,0.007206,-0.002367,0.000330,1.718301,-0.007748
0.597166,-0.000375,-0.048760,-0.003724,1.777370,-0.007702
0.599453,-0.009696,-0.072395,0.013705,1.837047,-0.008230
0.599102,-0.020339,-0.167833,0.038356,1.897476,-0.008254
0.591545,-0.042513,-0.332816,0.048202,1.957515,-0.009137
0.587488,-0.037602,-0.346024,0.052174,2.016921,-0.010176
0.572844,-0.033641,-0.324676,0.057270,2.075168,-0.011021
0.557714,-0.035069,-0.327068,0.061259,2.131970,-0.011096
0.550990,-0.035887,-0.336895,0.064833,2.188409,-0.010900
0.559432,-0.035849,-0.335508,0.068174,2.244716,-0.010470
0.569058,-0.043268,-0.361582,0.070276,2.301683,-0.010670
0.575319,-0.040824,-0.370548,0.071798,2.359606,-0.010490
0.567562,-0.039722,-0.377969,0.071964,2.417459,-0.010645
0.566797,-0.036835,-0.370205,0.072525,2.474624,-0.010562
0.570464,-0.047104,-0.363155,0.073137,2.532121,-0.010346
0.563732,-0.042907,-0.362343,0.074316,2.589672,-0.010227
0.571326,-0.040382,-0.380366,0.074445,2.647184,-0.009907
0.558729,-0.040602,-0.374128,0.074143,2.704054,-0.009608
0.552225,-0.029479,-0.371009,0.073733,2.759958,-0.009142
0.543089,-0.037038,-0.366886,0.073073,2.815475,-0.008955
0.529328,-0.036767,-0.345426,0.073379,2.870111,-0.009178
0.515670,-0.030911,-0.332612,0.074130,2.922636,-0.008795
0.512691,-0.035173,-0.342512,0.074312,2.974573,-0.008469
0.522406,-0.037990,-0.328011,0.075663,3.026856,-0.008598
0.525860,-0.039841,-0.333620,0.076731,3.079447,-0.008493
0.527951,-0.036880,-0.336732,0.077159,3.132483,-0.008228
0.531783,-0.034384,-0.359386,0.076736,3.185666,-0.007809
0.531658,-0.041147,-0.357371,0.075646,3.239123,-0.007360
0.532508,-0.037637,-0.353011,0.075503,3.292630,-0.006976
0.538279,-0.037285,-0.357785,0.075136,3.346576,-0.006633
0.552268,-0.045443,-0.368492,0.074524,3.401437,-0.006496
0.543890,-0.040937,-0.363028,0.073955,3.456694,-0.006947
0.536576,-0.036835,-0.362560,0.073181,3.511060,-0.007091
0.538035,-0.040504,-0.353252,0.073079,3.564603,-0.006916
0.521836,-0.039743,-0.339899,0.073292,3.617969,-0.006953
0.520344,-0.038675,-0.340104,0.073338,3.670104,-0.006920
0.538786,-0.040612,-0.344471,0.074136,3.723305,-0.006946
0.529115,-0.038127,-0.350069,0.074265,3.776914,-0.007119
0.532047,-0.039459,-0.354322,0.073700,3.829890,-0.006957
0.536240,-0.037994,-0.348237,0.073802,3.883737,-0.007270
0.526620,-0.040247,-0.346808,0.074017,3.937356,-0.007331
0.515973,-0.046239,-0.342765,0.074156,3.989644,-0.007646
0.524467,-0.036113,-0.324761,0.075859,4.041861,-0.007470
0.519685,-0.040820,-0.334914,0.076870,4.094147,-0.007145
0.538618,-0.037220,-0.334750,0.078742,4.147459,-0.006879
0.547304,-0.031677,-0.323704,0.080634,4.201687,-0.006009
0.547199,-0.033608,-0.271302,0.052591,4.256403,-0.005552
0.537753,-0.010985,-0.117278,0.037321,4.310801,-0.004878
0.538711,-0.005542,-0.077035,0.028758,4.364890,-0.004172
0.539106,-0.011399,-0.076503,0.020741,4.418633,-0.003832
0.546227,-0.004690,-0.049146,0.015246,4.472675,-0.003722
0.544649,-0.007551,-0.038370,0.010841,4.527449,-0.003519
0.545891,-0.011141,-0.029691,0.007705,4.581481,-0.003733
0.540340,0.000666,-0.021283,0.005556,4.635832,-0.003837
0.541134,-0.002544,-0.038138,0.002106,4.689730,-0.003965
0.540551,-0.000057,-0.032129,-0.001204,4.743665,-0.004154
0.547724,-0.011817,-0.056920,-0.006010,4.798044,-0.004849
0.547671,-0.005963,-0.060098,0.022612,4.853320,-0.004849
0.530313,-0.021131,-0.180648,0.042155,4.907245,-0.004763
0.513176,-0.035016,-0.286970,0.049388,4.959477,-0.005331
0.492907,-0.034566,-0.282703,0.053025,5.009233,-0.006433
0.498383,-0.025677,-0.276407,0.058156,5.058966,-0.007133
0.491181,-0.036360,-0.286047,0.062194,5.108663,-0.007483
0.483980,-0.038461,-0.282991,0.065759,5.157974,-0.007984
0.489251,-0.034579,-0.287720,0.069411,5.207041,-0.008049
0.490668,-0.035774,-0.303189,0.072033,5.256248,-0.007954
0.499625,-0.038282,-0.313367,0.073738,5.305945,-0.007841
0.496065,-0.037697,-0.306851,0.075521,5.356001,-0.007999
0.497701,-0.036772,-0.320739,0.076651,5.406258,-0.007939
0.504077,-0.033977,-0.321245,0.077850,5.456892,-0.007636
0.506907,-0.038736,-0.336369,0.078062,5.507907,-0.007478
0.522283,-0.034478,-0.341862,0.078160,5.559879,-0.007323
0.517926,-0.036209,-0.350148,0.077683,5.612078,-0.006859
0.536846,-0.039179,-0.364439,0.076918,5.665326,-0.006735
0.547809,-0.038914,-0.357005,0.076661,5.719678,-0.006652
0.539754,-0.041160,-0.371807,0.075652,5.775039,-0.006866
0.546288,-0.046511,-0.365072,0.074756,5.829497,-0.006778
0.566801,-0.042283,-0.369824,0.074995,5.885765,-0.006700
0.580545,-0.043526,-0.396977,0.074086,5.943791,-0.006868
0.569073,-0.048763,-0.392176,0.071941,6.001325,-0.006848
0.585208,-0.039187,-0.385085,0.071633,6.059592,-0.007385
0.580837,-0.037567,-0.389132,0.071214,6.118665,-0.007353
0.584100,-0.040182,-0.400137,0.070117,6.177781,-0.007297
0.583355,-0.047946,-0.390598,0.069136,6.236174,-0.007832
0.590001,-0.038016,-0.380175,0.069952,6.295340,-0.007754
0.590092,-0.046148,-0.396916,0.069501,6.354879,-0.008054
0.607230,-0.039148,-0.394512,0.069859,6.415581,-0.007917
0.613562,-0.043926,-0.414159,0.069128,6.477248,-0.008218
0.607469,-0.042991,-0.414819,0.067849,6.538322,-0.008092
0.594461,-0.047040,-0.406993,0.066085,6.598789,-0.008199
0.594785,-0.037774,-0.378626,0.066534,6.658631,-0.008346
0.587216,-0.044509,-0.388421,0.066708,6.718631,-0.008223
0.591987,-0.046566,-0.381465,0.067120,6.778011,-0.008142
0.598162,-0.041610,-0.390389,0.068355,6.838179,-0.008355
0.607920,-0.043301,-0.401523,0.067913,6.898904,-0.008089
0.587678,-0.040769,-0.399051,0.066875,6.959319,-0.008558
0.592352,-0.045465,-0.381366,0.067200,7.018593,-0.009058
0.610952,-0.046835,-0.366583,0.069717,7.079183,-0.008986
0.617104,-0.039224,-0.365718,0.073527,7.141302,-0.008602
0.623942,-0.030788,-0.293386,0.080005,7.203835,-0.007270
0.626350,-0.020844,-0.203653,0.041074,7.266657,-0.005389
0.623310,-0.003849,-0.004869,0.019687,7.328440,-0.004405
0.614465,0.013229,0.107283,0.011660,7.390319,-0.002488
0.628950,0.007150,0.040143,0.000751,7.452163,-0.001459
0.629638,0.004641,0.099028,-0.007087,7.515289,-0.000740
0.645956,0.018159,0.139267,-0.010554,7.579213,0.000179
0.649276,0.009015,0.123593,-0.014983,7.644263,0.000645
0.657029,0.015614,0.160886,-0.016968,7.709846,0.000944
0.663841,0.011494,0.160403,-0.018263,7.775783,0.001491
0.654907,0.015700,0.167482,-0.018756,7.841461,0.001883
0.645523,0.016590,0.152733,-0.020289,7.906590,0.002389
0.650423,0.021589,0.150074,-0.021998,7.971319,0.002864
0.652977,0.021739,0.142948,-0.024684,8.036755,0.003611
0.669994,0.006912,0.157791,-0.026919,8.103150,0.003432
0.669919,0.022319,0.211164,-0.025038,8.170607,0.003347
0.682301,0.014051,0.151924,-0.025865,8.238332,0.003378
0.676610,0.021103,0.164594,-0.027670,8.306062,0.003329
0.661261,0.015270,0.115744,-0.032263,8.372836,0.003313
0.647655,0.012924,0.073687,-0.017402,8.437992,0.002408
0.643192,-0.002562,-0.027142,0.004411,8.502064,0.001801
0.638389,-0.020252,-0.183190,0.012177,8.566482,0.001250
0.632848,-0.018582,-0.208475,0.013984,8.630442,-0.000170
0.626016,-0.016407,-0.188003,0.017259,8.693844,-0.001435
0.624331,-0.015098,-0.187272,0.020270,8.756844,-0.001804
0.614744,-0.022196,-0.197798,0.022130,8.818781,-0.002369
0.602765,-0.018481,-0.192503,0.024241,8.879641,-0.003233
0.606352,-0.021648,-0.200188,0.025917,8.940547,-0.003732
0.593034,-0.015109,-0.189656,0.027694,9.000891,-0.004020
0.590686,-0.019295,-0.201861,0.028673,9.059527,-0.004377
0.619728,-0.016747,-0.207546,0.029569,9.120123,-0.004203
0.623271,-0.021169,-0.212291,0.030313,9.182000,-0.004431
0.626728,-0.024786,-0.217852,0.030352,9.245002,-0.004507
0.616806,-0.020938,-0.214573,0.030674,9.307551,-0.005059
0.614175,-0.023354,-0.207472,0.030702,9.369303,-0.005398
0.621858,-0.014752,-0.214459,0.031429,9.431256,-0.005501
0.641272,-0.026828,-0.228498,0.031548,9.494312,-0.005468
0.628307,-0.020567,-0.213354,0.032224,9.557930,-0.005560
0.625339,-0.024559,-0.221402,0.031986,9.620745,-0.005532
0.635442,-0.027530,-0.213885,0.032576,9.683850,-0.005789
0.631094,-0.019562,-0.214461,0.033342,9.747569,-0.005677
0.636375,-0.021280,-0.238874,0.032650,9.811176,-0.005592
0.618991,-0.023125,-0.214826,0.032533,9.873940,-0.005395
0.626109,-0.021063,-0.219266,0.032854,9.936596,-0.005527
0.608779,-0.024944,-0.217296,0.032721,9.998842,-0.005535
0.626663,-0.020068,-0.194385,0.034207,10.060934,-0.005822
0.632322,-0.026121,-0.187196,0.037148,10.123916,-0.005821
0.634651,-0.013751,-0.162194,0.042525,10.187302,-0.005163
0.638781,-0.024209,-0.152513,0.018440,10.251286,-0.004659
0.621613,0.000388,-0.000139,-0.001795,10.314295,-0.004881
0.644613,0.009659,0.145652,-0.007589,10.377551,-0.004300
0.628609,0.014714,0.157259,-0.008618,10.441219,-0.003364
0.633676,0.019669,0.124515,-0.011971,10.504245,-0.002410
0.640403,0.011623,0.125333,-0.015755,10.568095,-0.001853
0.648529,0.013916,0.160745,-0.017342,10.632053,-0.001471
0.635828,0.006450,0.162102,-0.017666,10.696896,-0.001299
0.631208,0.016902,0.171877,-0.017073,10.760624,-0.000775
0.626874,0.011558,0.136435,-0.018824,10.823298,-0.000259
0.618883,0.014893,0.146371,-0.020500,10.886255,-0.000092
0.611247,0.016837,0.147332,-0.021617,10.947423,0.000221
0.601492,0.016131,0.132994,-0.023420,11.007822,0.000434
0.598987,0.010719,0.142352,-0.025320,11.067993,0.000318
0.605662,0.015016,0.149127,-0.026011,11.127799,0.000044
0.596659,0.019077,0.149938,-0.026554,11.187642,0.000298
0.608827,0.015762,0.127370,-0.029552,11.248204,0.000385
0.619910,0.009692,0.119176,-0.033622,11.309174,-0.000092
0.606475,0.007462,0.116191,-0.038150,11.370538,-0.001283
0.591069,0.004903,0.065063,-0.019284,11.430416,-0.002537
0.572998,-0.008238,-0.072662,0.015103,11.488948,-0.003220
0.574106,-0.028754,-0.267453,0.030287,11.546197,-0.004245
0.577635,-0.037053,-0.312629,0.037338,11.603925,-0.005726
0.581986,-0.028795,-0.296502,0.045278,11.662105,-0.006400
0.578899,-0.040704,-0.344655,0.049950,11.720209,-0.007058
0.595963,-0.034864,-0.339652,0.055381,11.779668,-0.007505
0.598643,-0.032586,-0.374718,0.058656,11.840405,-0.007258
0.603154,-0.044130,-0.396423,0.059318,11.901118,-0.007412
0.602847,-0.047767,-0.378535,0.060769,11.961519,-0.008265
0.603679,-0.038472,-0.377233,0.062630,12.022491,-0.008693
0.605371,-0.040938,-0.395692,0.063643,12.083283,-0.008962
0.605666,-0.041617,-0.384462,0.064458,12.144566,-0.009127
0.614646,-0.044502,-0.390451,0.065587,12.205743,-0.009565
0.613243,-0.045480,-0.405208,0.066552,12.267746,-0.009903
0.622448,-0.040745,-0.400935,0.067254,12.329963,-0.009842
0.621995,-0.045709,-0.414425,0.067545,12.392461,-0.009872
0.615874,-0.046276,-0.408532,0.067314,12.454799,-0.010071
0.622180,-0.046119,-0.403497,0.067818,12.517258,-0.010452
0.618599,-0.039730,-0.409455,0.068291,12.579965,-0.010679
0.606849,-0.046298,-0.401621,0.067793,12.641221,-0.010801
0.598193,-0.033971,-0.385931,0.068246,12.702178,-0.010907
0.604838,-0.037700,-0.400669,0.068439,12.762531,-0.010157
0.607094,-0.043735,-0.398801,0.068452,12.823598,-0.010054
0.615586,-0.044826,-0.397861,0.069075,12.885387,-0.010009
0.610987,-0.044932,-0.409995,0.068458,12.947043,-0.010032
0.596903,-0.048532,-0.397540,0.068318,13.008377,-0.010473
0.593291,-0.038134,-0.383334,0.069122,13.068584,-0.010788
0.578811,-0.036102,-0.379802,0.069275,13.127729,-0.010683
0.580734,-0.039445,-0.371501,0.069655,13.185821,-0.010817
0.572468,-0.039227,-0.364277,0.070616,13.243431,-0.010616
0.572059,-0.043429,-0.367316,0.071311,13.301228,-0.010395
0.570284,-0.040029,-0.371041,0.072440,13.358933,-0.010294
0.569041,-0.037418,-0.382993,0.072956,13.417086,-0.010072
0.575033,-0.042300,-0.374413,0.073010,13.474541,-0.009948
0.578820,-0.038835,-0.374510,0.073639,13.532679,-0.009756
0.594035,-0.042734,-0.394114,0.073772,13.591412,-0.009529
0.585342,-0.043862,-0.386585,0.073602,13.650854,-0.009529
0.598345,-0.038740,-0.361230,0.075466,13.710268,-0.009478
0.584107,-0.040481,-0.345849,0.079025,13.769944,-0.008672
0.583772,-0.029775,-0.316049,0.066295,13.828857,-0.007528
0.584368,-0.020450,-0.244388,0.040224,13.887133,-0.007054
0.581144,-0.006876,-0.080736,0.028368,13.945458,-0.006118
0.590017,-0.000654,-0.045623,0.023296,14.003874,-0.004724
0.595419,-0.001631,-0.065944,0.016895,14.063069,-0.003702
0.587999,-0.008937,-0.043387,0.012170,14.122745,-0.003177
0.598324,-0.008669,-0.035581,0.008949,14.181935,-0.003482
0.587677,-0.001666,-0.024389,0.006126,14.241042,-0.003501
0.600164,-0.005567,-0.047404,0.002105,14.299890,-0.003570
0.596402,-0.009207,-0.055927,-0.003227,14.359988,-0.004274
0.612754,-0.008433,-0.086208,0.002216,14.420619,-0.005324
0.630185,-0.019075,-0.162801,0.028371,14.483068,-0.006160
0.620909,-0.037110,-0.331319,0.040718,14.546647,-0.007099
0.627316,-0.040064,-0.383113,0.045261,14.609453,-0.008301
0.623965,-0.031882,-0.353206,0.050603,14.672289,-0.008882
0.604293,-0.047143,-0.368509,0.053970,14.734080,-0.010066
0.615097,-0.037697,-0.359261,0.058802,14.795962,-0.011010
0.614911,-0.039677,-0.377896,0.061953,14.857786,-0.011326
0.618871,-0.042340,-0.392489,0.063966,14.920255,-0.011678
0.614877,-0.039344,-0.383418,0.065560,14.982403,-0.011793
0.626278,-0.040483,-0.409111,0.066410,15.044819,-0.011879
0.627488,-0.043906,-0.403433,0.067683,15.108039,-0.012088
0.639629,-0.046114,-0.419530,0.068470,15.172347,-0.012042
0.620564,-0.044152,-0.411810,0.068646,15.236304,-0.012264
0.625621,-0.048002,-0.409941,0.068997,15.299442,-0.012354
0.630425,-0.040482,-0.403698,0.070184,15.362663,-0.012044
0.617460,-0.049175,-0.416186,0.069661,15.425638,-0.012071
0.629856,-0.045545,-0.413274,0.069890,15.488839,-0.012156
0.609627,-0.041120,-0.392229,0.070566,15.551256,-0.012236
0.603678,-0.039078,-0.404044,0.070229,15.612217,-0.012298
0.601468,-0.044078,-0.396831,0.070525,15.673106,-0.012153
0.601598,-0.043916,-0.387962,0.071190,15.734164,-0.012269
0.612390,-0.044404,-0.400844,0.072030,15.795041,-0.012204
0.620993,-0.042316,-0.409073,0.072207,15.857218,-0.012210
0.607825,-0.050432,-0.415656,0.071454,15.919266,-0.012154
0.597378,-0.041098,-0.388246,0.071523,15.979683,-0.012445
0.601527,-0.041816,-0.384120,0.072147,16.040237,-0.012156
0.600998,-0.047043,-0.393116,0.072741,16.100961,-0.011906
0.592988,-0.039835,-0.389223,0.072758,16.161337,-0.011434
0.600434,-0.047740,-0.402410,0.072238,16.221580,-0.011467
0.585357,-0.043912,-0.378137,0.072812,16.281088,-0.011019
0.588331,-0.038579,-0.391168,0.072510,16.340724,-0.011169
0.577866,-0.037334,-0.380429,0.072722,16.399711,-0.010561
0.573870,-0.042402,-0.383804,0.072332,16.457733,-0.010587
0.579730,-0.052200,-0.371080,0.072903,16.515787,-0.011000
0.587826,-0.038744,-0.365935,0.074593,16.574649,-0.010993
0.595901,-0.045927,-0.392252,0.074483,16.633904,-0.010888
0.611475,-0.046924,-0.374599,0.076753,16.694854,-0.010740
0.604487,-0.038107,-0.352018,0.080960,16.756196,-0.009681
0.601173,-0.046731,-0.343719,0.075346,16.817003,-0.008590
0.598169,-0.025572,-0.243850,0.048597,16.877036,-0.008172
0.609765,-0.011246,-0.109873,0.034607,16.937621,-0.006869
0.633518,-0.010791,-0.055487,0.028015,16.999728,-0.005980
0.641197,-0.012754,-0.061469,0.021682,17.063692,-0.005425
0.653096,-0.004006,-0.031832,0.017783,17.128665,-0.004961
0.654824,-0.004188,-0.036832,0.014409,17.193964,-0.004138
0.652191,0.000424,-0.021851,0.011527,17.259442,-0.003442
0.645511,0.004182,-0.026793,0.009375,17.324065,-0.002516
0.651384,-0.002954,-0.032057,0.006298,17.388557,-0.001952
0.666365,-0.001167,-0.006227,0.005288,17.455304,-0.001359
0.661891,-0.000890,-0.012027,0.004337,17.521055,-0.001225
0.666756,-0.008994,-0.009124,0.003600,17.587123,-0.001046
0.679587,0.009286,0.007158,0.003958,17.654558,-0.000840
0.683663,0.001146,-0.029938,0.002221,17.722557,-0.000761
0.703349,0.002503,0.000212,0.001334,17.792036,-0.000977
0.704577,0.000007,0.006440,0.001642,17.862540,-0.001107
0.694018,-0.002539,0.009464,0.001964,17.932160,-0.000850
0.688709,0.003230,0.003510,0.002561,18.001627,-0.000537
0.700932,-0.001297,-0.007671,0.002114,18.070802,-0.000373
0.707005,0.005423,0.002980,0.002426,18.141507,-0.000404
0.707572,0.004165,-0.015867,0.001647,18.212267,-0.000025
0.709939,0.004008,0.000636,0.001089,18.283166,0.000194
0.709417,0.004149,-0.004642,0.000842,18.354535,0.000487
0.727375,0.009342,0.000339,0.000693,18.426029,0.001160
0.743614,-0.001904,-0.022765,-0.000848,18.499744,0.001376
0.750067,0.002870,0.028741,0.000409,18.574299,0.001594
0.773969,0.001266,0.003188,0.001614,18.650194,0.001822
0.782834,-0.007705,0.000292,0.002009,18.727483,0.001548
0.794265,0.000688,0.026703,0.004134,18.806406,0.001611
0.798550,-0.000898,-0.003907,0.004225,18.886310,0.002318
0.786981,0.001789,0.002212,0.004064,18.965542,0.002408
0.799586,0.007497,-0.012559,0.003694,19.044798,0.002823
0.790904,0.001347,-0.018997,0.001901,19.123944,0.002817
0.803345,0.000319,0.005221,0.002028,19.203764,0.003283
0.800279,-0.004068,0.010573,0.002944,19.283683,0.003302
0.804510,0.003940,0.007484,0.003673,19.364156,0.003801
0.816720,0.004344,-0.033997,0.002012,19.445685,0.003920
0.828895,0.003059,-0.001776,0.001013,19.527772,0.004120
0.837639,0.008618,0.017196,0.001920,19.610995,0.004826
0.830304,0.003239,-0.020126,0.000593,19.694924,0.005237
0.836250,0.001298,0.001157,0.000153,19.778336,0.005427
0.820886,0.000827,0.018011,0.001331,19.861614,0.005737
0.822167,0.000032,-0.007026,0.001318,19.943720,0.005871
0.817152,-0.003222,-0.004945,0.000938,20.025144,0.005743
0.820618,0.010058,0.014390,0.001434,20.106987,0.006528
0.823610,0.005492,-0.039040,-0.001165,20.189091,0.006881
0.824688,-0.009241,-0.004002,-0.002699,20.271689,0.006718
0.823798,-0.001340,0.048569,0.000651,20.354485,0.006339
0.825017,0.003606,-0.009959,0.001393,20.437055,0.006374
0.842273,-0.000250,-0.023948,-0.000672,20.520049,0.006168
0.855969,0.005421,0.012415,-0.000012,20.605165,0.006967
0.860261,0.005712,-0.007820,-0.000213,20.691141,0.007510
0.855969,0.007215,-0.024396,-0.002577,20.776793,0.007435
0.864649,-0.004859,-0.124822,-0.012186,20.862347,0.006801
0.859839,-0.013410,-0.151025,-0.015773,20.947851,0.004561
0.860620,-0.025526,-0.237005,0.019254,21.033575,0.002891
0.829150,-0.056955,-0.603040,0.024931,21.117844,0.000233
0.827415,-0.042131,-0.565834,0.021260,21.200665,-0.002626
0.809160,-0.043666,-0.439338,0.027316,21.282709,-0.004665
0.810535,-0.059052,-0.508987,0.031796,21.364116,-0.007196
0.811520,-0.046215,-0.481019,0.036676,21.445828,-0.009075
0.789534,-0.051460,-0.504390,0.039611,21.526607,-0.010864
0.781593,-0.047130,-0.481094,0.042016,21.606065,-0.012501
0.781303,-0.045642,-0.468029,0.046249,21.684862,-0.014224
0.774746,-0.045766,-0.497416,0.049100,21.763998,-0.014794
0.790561,-0.044332,-0.507478,0.050536,21.842902,-0.016093
0.799040,-0.045835,-0.506014,0.052743,21.923702,-0.016256
0.789199,-0.057554,-0.527234,0.053055,22.004092,-0.017474
0.787831,-0.040994,-0.501320,0.054527,22.083401,-0.018166
0.782214,-0.045342,-0.520282,0.055130,22.163175,-0.018410
0.770570,-0.053267,-0.508688,0.055636,22.242142,-0.019036
0.775448,-0.049812,-0.479581,0.057938,22.320053,-0.019677
0.775193,-0.049666,-0.498928,0.059912,22.398442,-0.020257
0.772504,-0.043587,-0.512086,0.061028,22.477426,-0.020556
0.760894,-0.050837,-0.508081,0.060841,22.555402,-0.020668
0.750435,-0.042406,-0.482314,0.061865,22.631555,-0.020879
0.743235,-0.045940,-0.494489,0.062347,22.707761,-0.020440
0.736046,-0.042365,-0.477110,0.063181,22.782864,-0.019988
0.728186,-0.046108,-0.473332,0.063979,22.857385,-0.020020
0.733572,-0.046605,-0.480538,0.065643,22.932208,-0.020033
0.727230,-0.048989,-0.476556,0.066363,23.006237,-0.020199
0.736331,-0.051172,-0.483055,0.067856,23.081006,-0.020293
0.724112,-0.046884,-0.468854,0.069565,23.155365,-0.020346
0.730073,-0.036526,-0.443527,0.072868,23.229021,-0.018834
0.730926,-0.044230,-0.428050,0.077756,23.302820,-0.017299
0.746284,-0.043234,-0.393235,0.056610,23.377591,-0.016302
0.744149,-0.024241,-0.211502,0.030584,23.452597,-0.016276
0.744115,0.006468,0.028174,0.026874,23.526262,-0.014867
0.749262,-0.001033,-0.000113,0.027718,23.600723,-0.012681
0.750486,-0.001337,-0.056080,0.023866,23.675546,-0.010921
0.749970,-0.003571,-0.033060,0.020153,23.750786,-0.009899
0.751565,0.002581,-0.048035,0.015843,23.825186,-0.008942
0.770840,-0.008801,-0.102797,0.006831,23.901129,-0.008810
0.760427,-0.015842,-0.115473,0.025653,23.978152,-0.009317
0.764244,-0.028563,-0.296236,0.051104,24.055317,-0.008766
0.766034,-0.055866,-0.575157,0.051329,24.132374,-0.009634
0.770325,-0.052337,-0.534473,0.047157,24.209590,-0.010984
0.772532,-0.043876,-0.466381,0.049543,24.287553,-0.011672
0.777252,-0.051213,-0.526742,0.049515,24.366041,-0.013019
0.786547,-0.043376,-0.504821,0.050402,24.445590,-0.013739
0.784807,-0.052179,-0.518034,0.050796,24.524933,-0.014521
0.798370,-0.047219,-0.509553,0.051591,24.604599,-0.015451
0.807671,-0.048395,-0.537841,0.052626,24.686170,-0.015871
0.809871,-0.040916,-0.534295,0.052237,24.767957,-0.016310
0.820162,-0.051521,-0.560576,0.051287,24.850396,-0.016972
0.813055,-0.051501,-0.520545,0.052056,24.932818,-0.017832
0.797301,-0.043633,-0.520427,0.053090,25.014828,-0.017884
0.796666,-0.042758,-0.540705,0.053048,25.095945,-0.017857
0.791690,-0.047035,-0.508698,0.053705,25.176250,-0.018031
0.794398,-0.048374,-0.508339,0.055356,25.256562,-0.018216
0.778315,-0.050277,-0.517582,0.055597,25.336190,-0.018784
0.780066,-0.056058,-0.504890,0.056653,25.415145,-0.019543
0.794131,-0.047506,-0.492822,0.059222,25.494869,-0.020048
0.784372,-0.050614,-0.526978,0.059607,25.574923,-0.020007
0.790517,-0.052823,-0.524431,0.059928,25.654597,-0.020217
0.790753,-0.052705,-0.523851,0.060806,25.735092,-0.020637
0.780283,-0.046798,-0.522907,0.060523,25.814570,-0.021265
0.791776,-0.050976,-0.526016,0.060753,25.894935,-0.021629
0.805828,-0.057188,-0.515369,0.062017,25.976302,-0.022088
0.811315,-0.055615,-0.522990,0.063943,26.058447,-0.022004
0.817734,-0.053896,-0.530618,0.065253,26.141161,-0.022035
0.833648,-0.046813,-0.496312,0.069901,26.224891,-0.020960
0.833055,-0.050810,-0.451709,0.078346,26.308831,-0.019583
0.830491,-0.034064,-0.368122,0.038044,26.391935,-0.017943
0.835255,-0.002279,-0.041654,0.003136,26.474842,-0.017581
0.826832,0.031411,0.402861,0.009020,26.557688,-0.014935
0.823016,0.026475,0.254580,0.017876,26.639505,-0.011221
0.835883,0.015014,0.119080,0.012214,26.722219,-0.008027
0.829643,0.014957,0.249274,0.011673,26.804972,-0.005182
0.822941,0.017815,0.202663,0.011887,26.887350,-0.002989
0.811511,0.012856,0.160139,0.007643,26.969031,-0.000746
0.820537,0.014277,0.189551,0.004439,27.051395,0.001530
0.828045,0.015348,0.198364,0.001724,27.133981,0.003432
0.824421,0.020138,0.183326,-0.000957,27.216904,0.005369
0.828413,0.015916,0.175398,-0.004340,27.299664,0.006851
0.847031,0.012528,0.196962,-0.007270,27.383390,0.007949
0.839381,0.012587,0.122232,-0.014786,27.467757,0.007825
0.831615,0.008420,0.046903,-0.017753,27.551395,0.007380
0.824452,-0.004613,-0.048468,0.009415,27.634093,0.006691
0.811824,-0.027365,-0.309788,0.014048,27.716268,0.006128
0.835962,-0.039695,-0.349686,0.009468,27.798907,0.003547
0.834324,-0.014629,-0.197951,0.014928,27.882570,0.002396
0.828991,-0.027063,-0.313181,0.015718,27.965491,0.001525
0.836756,-0.024083,-0.290591,0.015158,28.048923,0.000308
0.845150,-0.020600,-0.268074,0.017428,28.132974,-0.000681
0.837297,-0.019568,-0.288830,0.018149,28.216786,-0.001518
0.837401,-0.030219,-0.303580,0.017729,28.300702,-0.002404
0.831886,-0.019124,-0.254980,0.019947,28.384543,-0.003306
0.821383,-0.026161,-0.281829,0.020660,28.466851,-0.004017
0.824166,-0.022368,-0.270013,0.022133,28.549517,-0.004721
0.827838,-0.022477,-0.283367,0.023240,28.632455,-0.005240
0.834419,-0.016188,-0.287644,0.023736,28.715445,-0.005440
0.811792,-0.027189,-0.292195,0.023422,28.798073,-0.005515
0.824400,-0.021695,-0.272542,0.023778,28.879930,-0.005750
0.821209,-0.033422,-0.282401,0.024550,28.962720,-0.006652
0.815172,-0.024413,-0.259035,0.026786,29.044603,-0.007107
0.809809,-0.021325,-0.267233,0.028987,29.126046,-0.006920
0.822889,-0.025427,-0.252593,0.031866,29.207994,-0.006878
0.824405,-0.018463,-0.197441,0.039678,29.290726,-0.006098
0.820826,-0.013242,-0.173371,0.025645,29.373232,-0.004201
0.834579,0.003538,-0.003551,-0.001214,29.456033,-0.003297
0.830925,0.025413,0.297769,-0.001665,29.539144,-0.001589
0.820169,0.021048,0.251007,0.003526,29.621321,0.001157
0.804225,0.014456,0.139153,-0.000560,29.702793,0.002673
0.802266,0.015156,0.212502,-0.002451,29.783171,0.003992
0.797490,0.012097,0.199349,-0.003075,29.863635,0.005212
0.811632,0.022719,0.186695,-0.005541,29.943726,0.006939
0.794260,0.010709,0.173586,-0.008760,30.024134,0.007727
0.808992,0.021177,0.211015,-0.009348,30.104617,0.009025
0.808428,0.023269,0.181094,-0.011299,30.185474,0.009977
0.815042,0.020099,0.192498,-0.013834,30.267301,0.010785
0.817030,0.019002,0.183333,-0.016874,30.349205,0.011218
0.810682,0.011804,0.147830,-0.022197,30.430759,0.011143
0.818688,0.011616,0.098152,-0.032461,30.512301,0.010042
0.831949,0.006461,0.032900,0.008398,30.594544,0.009276
0.829015,-0.028468,-0.329347,0.039828,30.677417,0.009645
0.818051,-0.067119,-0.739297,0.031166,30.759136,0.006704
0.805791,-0.044794,-0.557969,0.022747,30.839961,0.003845
0.801414,-0.042671,-0.469681,0.025950,30.920250,0.001985
0.789429,-0.047492,-0.524079,0.027141,31.000185,-0.000594
0.799501,-0.046476,-0.499429,0.029051,31.079968,-0.003011
0.806080,-0.041405,-0.482111,0.032510,31.160531,-0.004816
0.806532,-0.053205,-0.517273,0.033996,31.241141,-0.007089
0.822429,-0.057684,-0.490981,0.037378,31.323161,-0.009258
0.815042,-0.046979,-0.506781,0.041652,31.405884,-0.011339
0.817851,-0.047168,-0.541053,0.042410,31.488080,-0.013219
0.816913,-0.044588,-0.509193,0.044473,31.570644,-0.014509
0.817980,-0.041914,-0.522135,0.046109,31.653155,-0.015419
0.827816,-0.041564,-0.533781,0.047551,31.736588,-0.016412
0.833600,-0.046676,-0.535265,0.048690,31.820376,-0.016799
0.824113,-0.046246,-0.544973,0.049272,31.904238,-0.017834
0.826871,-0.045989,-0.533937,0.050661,31.987876,-0.018050
0.822487,-0.056800,-0.535295,0.051566,32.071524,-0.018612
0.828509,-0.055642,-0.528529,0.053626,32.155347,-0.019310
0.814310,-0.048360,-0.536214,0.054822,32.239059,-0.019943
0.817269,-0.059164,-0.544500,0.055005,32.321789,-0.020820
0.829269,-0.052668,-0.515087,0.058393,32.405963,-0.022089
0.829617,-0.046109,-0.548889,0.059452,32.489963,-0.021865
0.804652,-0.060380,-0.563276,0.057763,32.573212,-0.022224
0.806187,-0.049875,-0.501121,0.059394,32.654635,-0.023362
0.810681,-0.047087,-0.492716,0.063919,32.736779,-0.023108
0.805830,-0.043257,-0.500742,0.067504,32.819069,-0.022478
0.799932,-0.043288,-0.459817,0.073663,32.900746,-0.020739
0.792717,-0.036669,-0.396874,0.052797,32.980538,-0.018493
0.792985,-0.015781,-0.221334,0.025957,33.060059,-0.017413
0.784859,0.003941,0.055969,0.024119,33.138971,-0.015604
0.780290,0.008847,0.019850,0.027399,33.217471,-0.012969
0.780234,-0.004494,-0.077969,0.022021,33.295507,-0.011172
0.764715,0.004722,-0.005011,0.019530,33.372927,-0.009445
0.777873,-0.006744,-0.071838,0.014469,33.449780,-0.008320
0.755279,-0.008340,-0.081402,0.006451,33.526750,-0.008076
0.761656,-0.006800,-0.132035,0.041825,33.603179,-0.007337
0.763088,-0.039448,-0.378154,0.060903,33.680025,-0.006269
0.752512,-0.057138,-0.615151,0.055365,33.756318,-0.007185
0.749152,-0.053798,-0.543420,0.048755,33.831929,-0.008834
0.753235,-0.038418,-0.455103,0.050251,33.907369,-0.009747
0.754398,-0.050655,-0.518165,0.049676,33.983101,-0.010971
0.744626,-0.043660,-0.482254,0.049923,34.058765,-0.011924
0.752840,-0.042445,-0.476366,0.051682,34.134371,-0.012409
0.747403,-0.049567,-0.490083,0.052334,34.210289,-0.012846
0.743238,-0.051536,-0.479553,0.052827,34.285694,-0.014023
0.749861,-0.046083,-0.464998,0.055167,34.360903,-0.014649
0.753484,-0.052259,-0.487263,0.056359,34.436506,-0.015672
0.754068,-0.046527,-0.486841,0.057766,34.513193,-0.015844
0.741406,-0.051236,-0.493541,0.058378,34.589028,-0.016450
0.734914,-0.049583,-0.476813,0.059113,34.663982,-0.016687
0.738802,-0.038096,-0.472271,0.060568,34.738407,-0.016546
0.741814,-0.046632,-0.502319,0.060331,34.813718,-0.016492
0.743319,-0.049474,-0.496738,0.060110,34.889164,-0.016939
0.744488,-0.050538,-0.478747,0.060935,34.964453,-0.017009
0.755194,-0.049271,-0.497457,0.061602,35.039982,-0.017309
0.741960,-0.051831,-0.503271,0.061305,35.116398,-0.017629
0.756027,-0.049225,-0.483717,0.062133,35.192157,-0.017799
0.763056,-0.050085,-0.504149,0.062707,35.268807,-0.018429
0.756991,-0.056893,-0.511624,0.062660,35.346334,-0.018873
0.743533,-0.045577,-0.477872,0.063112,35.422152,-0.019210
0.746468,-0.043451,-0.501257,0.063058,35.497444,-0.018890
0.744213,-0.045404,-0.497097,0.062745,35.573247,-0.018687
0.744271,-0.044624,-0.494721,0.062856,35.648993,-0.018838
0.742497,-0.051310,-0.490935,0.063780,35.724864,-0.018949
0.753184,-0.053240,-0.438749,0.067572,35.799876,-0.019161
0.764871,-0.032305,-0.418649,0.075835,35.876800,-0.017972
0.757372,-0.036420,-0.425753,0.069237,35.953680,-0.015799
0.753049,-0.021109,-0.275175,0.037804,36.029216,-0.014708
0.752835,-0.002730,-0.021604,0.028440,36.104955,-0.013046
0.755388,0.000668,0.015660,0.028786,36.180274,-0.010908
0.745425,-0.010795,-0.068801,0.023973,36.255033,-0.009598
0.760339,0.005736,0.009634,0.022673,36.330441,-0.008293
0.762138,-0.002789,-0.034840,0.020015,36.406056,-0.006382
0.771533,-0.011736,-0.029370,0.016892,36.483158,-0.005586
0.787417,0.003207,0.004775,0.016691,36.561116,-0.004526
0.782207,0.001297,-0.030816,0.014186,36.639356,-0.003197
0.795383,-0.006654,-0.024579,0.011567,36.718307,-0.002190
0.784444,-0.001649,0.009624,0.011586,36.797269,-0.001185
0.784098,-0.005651,-0.021639,0.010435,36.875673,-0.000646
0.780028,-0.001220,-0.000951,0.009947,36.954029,-0.000186
0.767665,-0.005342,-0.018449,0.008795,37.031817,0.000500
0.770920,0.005683,-0.012217,0.007429,37.108827,0.001274
0.784544,-0.006590,-0.037220,0.004991,37.186629,0.002114
0.780069,-0.004789,0.012336,0.005219,37.264841,0.002238
0.790339,0.003279,-0.005576,0.005330,37.343349,0.002681
0.784300,-0.007305,-0.026039,0.003386,37.422295,0.002576
0.753841,0.000095,0.014063,0.004547,37.499112,0.003110
0.758115,0.001459,-0.027048,0.003567,37.574602,0.003674
0.763765,0.003717,-0.017898,0.001580,37.650729,0.003642
0.773097,-0.001630,-0.005976,0.001012,37.727458,0.003248
0.777265,-0.000479,0.014709,0.001605,37.804968,0.003303
0.775606,-0.009658,-0.001697,0.001918,37.882660,0.003297
0.777949,0.001119,0.018310,0.003335,37.959826,0.003111
0.772030,-0.008389,-0.015835,0.003016,38.037454,0.003264
0.760646,-0.003742,0.006522,0.003388,38.113786,0.003015
0.768756,0.004553,0.000762,0.003586,38.190313,0.003381
0.761425,0.005819,-0.026219,0.001408,38.266920,0.003549
0.750854,-0.000725,-0.015832,-0.000799,38.342921,0.003592
0.755503,0.001716,0.007620,-0.000116,38.418305,0.003602
0.779178,0.000042,-0.003587,-0.000177,38.495007,0.003960
0.768571,-0.003005,0.008757,0.000205,38.572372,0.003952
0.764898,-0.001063,0.007185,0.000834,38.648916,0.004022
0.772306,-0.001197,-0.006292,0.000508,38.725739,0.004040
0.773362,0.001238,0.005109,0.000564,38.802928,0.004641
0.792283,-0.003184,-0.012772,-0.000207,38.881093,0.004567
0.791045,-0.001172,0.018381,0.000740,38.960154,0.004234
0.809131,-0.000240,-0.000799,0.001263,39.040736,0.004619
0.800435,-0.001813,-0.002236,0.001206,39.120740,0.004720
0.792553,0.004529,0.007064,0.001782,39.200662,0.004751
0.794906,-0.003092,-0.015217,0.000830,39.280279,0.004276
0.811973,0.002914,0.010752,0.001106,39.360297,0.004067
0.812869,-0.000811,0.007445,0.001764,39.441417,0.004326
0.816833,-0.002289,-0.002361,0.002304,39.522705,0.004757
0.815968,-0.002709,0.007031,0.002294,39.604227,0.005050
0.813995,-0.000854,0.000121,0.002276,39.685394,0.005122
0.796262,0.001274,-0.005393,0.001991,39.765998,0.005462
0.796497,0.000467,-0.041261,-0.000876,39.845917,0.005756
0.796183,-0.005595,-0.056159,-0.005738,39.925545,0.004834
0.799095,-0.003768,-0.058665,-0.011469,40.005045,0.003640
0.812964,-0.013386,-0.132915,-0.007850,40.085125,0.001951
0.803303,-0.015014,-0.250132,0.023421,40.165628,0.001104
0.801485,-0.054215,-0.557539,0.028682,40.246024,-0.000989
0.795156,-0.053828,-0.539827,0.026869,40.326190,-0.004250
0.808964,-0.035584,-0.438697,0.033398,40.406979,-0.006018
0.818089,-0.044701,-0.544592,0.035878,40.488999,-0.007652
0.806894,-0.043327,-0.523183,0.036063,40.570767,-0.009162
0.815933,-0.043262,-0.505225,0.038634,40.652431,-0.010660
0.801684,-0.045660,-0.508221,0.040629,40.733805,-0.011716
0.798182,-0.048151,-0.510127,0.042821,40.814904,-0.013171
0.796375,-0.054176,-0.484130,0.046159,40.895202,-0.014153
0.802192,-0.035611,-0.503582,0.049118,40.976048,-0.015172
0.820094,-0.059807,-0.553283,0.049130,41.057949,-0.016064
0.818148,-0.047014,-0.505976,0.050997,41.140570,-0.016992
0.834779,-0.047121,-0.561836,0.051886,41.224357,-0.017833
0.832668,-0.051355,-0.551610,0.051741,41.308838,-0.018379
0.817850,-0.039260,-0.534083,0.052374,41.391803,-0.018824
0.815280,-0.056987,-0.555007,0.051641,41.474728,-0.019602
0.813014,-0.044468,-0.497349,0.054592,41.557799,-0.019927
0.819531,-0.049004,-0.553386,0.055546,41.641416,-0.020334
0.834009,-0.048458,-0.541293,0.056160,41.724940,-0.020057
0.838129,-0.058469,-0.568960,0.055775,41.809871,-0.020476
0.815340,-0.047163,-0.539302,0.055550,41.894040,-0.020949
0.817068,-0.045557,-0.532883,0.055639,41.976945,-0.020523
0.805420,-0.047406,-0.536149,0.055634,42.059189,-0.020884
0.808055,-0.044133,-0.521031,0.056508,42.140833,-0.021153
0.797537,-0.051812,-0.518743,0.058404,42.222757,-0.021328
0.794039,-0.042054,-0.496276,0.060833,42.303814,-0.021432
0.792445,-0.036065,-0.480285,0.065275,42.384473,-0.020335
0.784082,-0.038052,-0.457065,0.070246,42.464264,-0.018744
0.767753,-0.024072,-0.262146,0.038174,42.541820,-0.016991
0.780030,0.003399,0.001318,0.031135,42.619204,-0.014979
0.781068,-0.001890,-0.002305,0.030947,42.696497,-0.012834
0.784836,-0.004334,-0.063695,0.026633,42.774251,-0.011126
0.779167,-0.003287,-0.024209,0.023668,42.851798,-0.009847
0.770740,0.000189,-0.067043,0.018048,42.929256,-0.008647
0.766432,-0.012831,-0.122649,0.007421,43.005716,-0.008145
0.768157,-0.005051,-0.114712,0.008485,43.082787,-0.008903
0.762379,-0.023035,-0.246730,0.037817,43.160269,-0.008900
0.762297,-0.051196,-0.497825,0.044862,43.237154,-0.009932
0.744469,-0.048807,-0.512472,0.043237,43.313040,-0.011319
0.728256,-0.041042,-0.422646,0.046867,43.387298,-0.012795
0.728780,-0.050815,-0.455274,0.050402,43.460810,-0.013834
0.739419,-0.039849,-0.447270,0.054062,43.535323,-0.014144
0.741510,-0.043147,-0.491577,0.055254,43.610020,-0.014489
0.738243,-0.050133,-0.482886,0.055380,43.684424,-0.014781
0.735761,-0.044843,-0.471711,0.056880,43.758928,-0.015165
0.730008,-0.037388,-0.476884,0.057671,43.833116,-0.015123
0.707956,-0.048412,-0.476325,0.057250,43.906430,-0.015253
0.708121,-0.037965,-0.441535,0.059326,43.978593,-0.015340
0.717647,-0.049658,-0.467913,0.060680,44.050865,-0.015372
0.707595,-0.051147,-0.467405,0.061272,44.123102,-0.016104
0.704870,-0.049407,-0.454621,0.062390,44.194518,-0.016643
0.727620,-0.042305,-0.457585,0.064172,44.267074,-0.016825
0.723761,-0.044218,-0.485958,0.064101,44.340770,-0.016501
0.730561,-0.042378,-0.496323,0.062624,44.414018,-0.016481
0.722170,-0.054313,-0.485852,0.062042,44.487462,-0.016772
0.723416,-0.044931,-0.462821,0.062830,44.560481,-0.016783
0.706391,-0.046812,-0.479792,0.062586,44.633032,-0.016864
0.699530,-0.046438,-0.458558,0.063155,44.704877,-0.016854
0.684829,-0.047650,-0.441743,0.064352,44.775140,-0.016992
0.685490,-0.036239,-0.444776,0.065886,44.845123,-0.016786
0.679297,-0.047851,-0.454990,0.065802,44.913499,-0.017001
0.671633,-0.042408,-0.430482,0.066720,44.981925,-0.016586
0.668973,-0.042005,-0.438938,0.067562,45.049802,-0.016401
0.667747,-0.040610,-0.444881,0.067846,45.117579,-0.015968
0.658320,-0.044319,-0.434863,0.067733,45.184536,-0.015509
0.661463,-0.041100,-0.422700,0.068748,45.251616,-0.015326
0.673977,-0.040858,-0.426263,0.070580,45.319405,-0.015126
0.682816,-0.042463,-0.407368,0.074508,45.388680,-0.014312
0.692413,-0.036687,-0.375597,0.081252,45.458203,-0.012744
0.698001,-0.028919,-0.339383,0.032951,45.527135,-0.012148
0.701464,-0.015611,-0.066543,0.001299,45.596653,-0.012336
0.698290,0.028865,0.262708,0.001271,45.666537,-0.011242
0.703574,0.027511,0.191436,0.003432,45.736768,-0.008815
0.718102,0.006554,0.119210,-0.001450,45.807249,-0.006798
0.708963,0.019960,0.215885,-0.001316,45.878427,-0.005406
0.706859,0.024022,0.163184,-0.002259,45.949395,-0.003357
0.717639,0.009937,0.134742,-0.006691,46.020209,-0.001934
0.726456,0.012861,0.196058,-0.007811,46.091903,-0.000826
0.711442,0.012461,0.184531,-0.007674,46.163793,0.000278
0.715738,0.018119,0.165003,-0.009151,46.235368,0.001324
0.710950,0.014506,0.163476,-0.011865,46.306987,0.002675
0.702614,0.021437,0.171962,-0.013523,46.378017,0.003685
0.710620,0.015978,0.148892,-0.017249,46.448749,0.004293
0.711190,0.015155,0.160343,-0.020095,46.520020,0.004378
0.719916,0.014455,0.160836,-0.022855,46.591483,0.004641
0.725256,0.021166,0.131476,-0.027374,46.664238,0.003961
0.723123,-0.001058,-0.015926,0.000043,46.736271,0.003404
0.728440,-0.016568,-0.220512,0.008934,46.808359,0.002052
0.727107,-0.034103,-0.251198,0.009792,46.881526,0.000119
0.728572,-0.024308,-0.174847,0.015887,46.954917,-0.001611
0.757508,-0.016688,-0.234178,0.020395,47.029257,-0.002525
0.762049,-0.020740,-0.270079,0.020626,47.105571,-0.002946
0.760869,-0.022476,-0.249238,0.021381,47.181424,-0.003363
0.738601,-0.021401,-0.243055,0.022665,47.256296,-0.003966
0.725346,-0.026824,-0.244684,0.023587,47.329442,-0.005200
0.717552,-0.020788,-0.225347,0.025588,47.401544,-0.005837
0.739723,-0.020979,-0.248035,0.027114,47.474707,-0.006209
0.736992,-0.030420,-0.250049,0.027974,47.548811,-0.006600
0.745016,-0.026686,-0.244348,0.029698,47.622950,-0.007111
0.741901,-0.028224,-0.259011,0.030334,47.697628,-0.007960
0.745309,-0.023682,-0.245440,0.030968,47.771824,-0.008033
0.725602,-0.018752,-0.252668,0.031183,47.845693,-0.008108
0.727160,-0.028782,-0.267204,0.030178,47.918584,-0.008285
0.722439,-0.017815,-0.225480,0.031447,47.991092,-0.008361
0.717889,-0.025891,-0.261039,0.031524,48.063390,-0.008237
0.707868,-0.017534,-0.238461,0.031838,48.134847,-0.007969
0.712398,-0.026225,-0.251915,0.031720,48.206107,-0.007775
0.713068,-0.023796,-0.230586,0.033310,48.277670,-0.007936
0.720800,-0.014375,-0.211574,0.036614,48.349900,-0.007421
0.728597,-0.010234,-0.201709,0.041243,48.422493,-0.006202
0.733242,-0.020543,-0.161463,0.029167,48.495485,-0.005101
